[
    {
        "id":1,
        "title":"Android for expert",
        "author":"George P.R",
        "year":1996
    },
    {
        "id":2,
        "title":"Complete Refrence",
        "author":"George P.R. Martin",
        "year":1998
    },
    {
        "id":3,
        "title":"BackBone Js",
        "author":"Kalvin R.V",
        "year":2000
    },
    {
        "id":4,
        "title":"Knock Out Js",
        "author":"J.J Markin",
        "year":2005
    },
    {
        "id":5,
        "title":"Pointer in c",
        "author":"Y P Kanitkar",
        "year":2011
    },
    {
        "id":6,
        "title":"Big Data",
        "author":"Pearson D A",
        "year":2011
    },
    {
        "id":7,
        "title":"A Dream of Spring",
        "author":" George R.R Martin",
        "year":2012
    },
    {
        "id":8,
        "title":"The Philospher's Stone",
        "author":"J.K Rowling",
        "year":1997
    }
]