[
    {
        "bookId":1,
        "bookTitle":"Android for expert",
        "bookauthor":"George P.R",
        "publishyear":1996
    },
    {
        "bookId":2,
        "bookTitle":"Complete Refrence",
        "bookauthor":"George P.R. Martin",
        "publishyear":1998
    },
    {
        "bookId":3,
        "bookTitle":"BackBone Js",
        "bookauthor":"Kalvin R.V",
        "publishyear":2000
    },
    {
        "bookId":4,
        "bookTitle":"Knock Out Js",
        "bookauthor":"J.J Markin",
        "publishyear":2005
    },
    {
        "bookId":5,
        "bookTitle":"Pointer in c",
        "bookauthor":"Y P Kanitkar",
        "publishyear":2011
    },
    {
        "bookId":6,
        "bookTitle":"Big Data",
        "bookauthor":"Pearson D A",
        "publishyear":2011
    },
    {
        "bookId":7,
        "bookTitle":"A Dream of Spring",
        "bookauthor":" George R.R Martin",
        "publishyear":2012
    },
    {
        "bookId":8,
        "bookTitle":"The Philospher's Stone",
        "bookauthor":"J.K Rowling",
        "publishyear":1997
    }
]